month,file,source_url,title,release_date
2018-04,trai_sub_2018-04.pdf,https://www.trai.gov.in/sites/default/files/2024-09/PRNo68Eng26062018.pdf,"Telecom Subscription Data as on 30th April, 2018",26/06/2018
2018-05,trai_sub_2018-05.pdf,https://www.trai.gov.in/sites/default/files/2024-09/PRNo81Eng18072018_0.pdf,"Telecom Subscription Data as on 31st May, 2018",18/07/2018
2018-06,trai_sub_2018-06.pdf,https://www.trai.gov.in/sites/default/files/2024-09/PRNo91Eng20082018.pdf,"Telecom Subscription Data as on 30th June, 2018",20/08/2018
2018-07,trai_sub_2018-07.pdf,https://www.trai.gov.in/sites/default/files/2024-09/PRNo98Eng18092018.pdf,"Telecom Subscription Data as on 31st July, 2018",18/09/2018
2018-08,trai_sub_2018-08.pdf,https://www.trai.gov.in/sites/default/files/2024-09/PR_No.107of2018_TSD_Aug2018.pdf,"Telecom Subscription Data as on 31st August, 2018",24/10/2018
2018-09,trai_sub_2018-09.pdf,https://www.trai.gov.in/sites/default/files/2024-09/PRNo114Eng28112018_0.pdf,"Telecom Subscription Data as on 30th September, 2018",28/11/2018
2018-10,trai_sub_2018-10.pdf,https://www.trai.gov.in/sites/default/files/2024-09/PRNo01Eng02012019_0.pdf,"Telecom Subscription Data as on 31st October, 2018",02/01/2019
2018-11,trai_sub_2018-11.pdf,https://www.trai.gov.in/sites/default/files/2024-09/PRNo05Eng18012019_0_1.pdf,"Telecom Subscription Data as on 30th November, 2018",18/01/2019
2018-12,trai_sub_2018-12.pdf,https://www.trai.gov.in/sites/default/files/2024-09/PR_No.13of2019_0.pdf,"Telecom Subscription Data as on 31st December, 2018",20/02/2019
2019-01,trai_sub_2019-01.pdf,https://www.trai.gov.in/sites/default/files/2024-09/PR_No.22of2019.pdf,"Telecom Subscription Data as on 31st January, 2019",20/03/2019
2019-02,trai_sub_2019-02.pdf,https://www.trai.gov.in/sites/default/files/2024-09/PR_No.27of2019_0.pdf,"Telecom Subscription Data as on 28th February, 2019",18/04/2019
2019-03,trai_sub_2019-03.pdf,https://www.trai.gov.in/sites/default/files/2024-09/PR_No.40of2019_0.pdf,"Telecom Subscription Data as on 31st March, 2019",21/05/2019
2019-04,trai_sub_2019-04.pdf,https://www.trai.gov.in/sites/default/files/2024-09/PR_No.45of2019_0.pdf,"Telecom Subscription Data as on 30th April, 2019",24/06/2019
2019-05,trai_sub_2019-05.pdf,https://www.trai.gov.in/sites/default/files/2024-09/PR_No.49of2019.pdf,"Telecom Subscription Data as on 31st May, 2019",19/07/2019
2019-06,trai_sub_2019-06.pdf,https://www.trai.gov.in/sites/default/files/2024-09/PR_No.59of2019.pdf,"Telecom Subscription Data as on 30th June, 2019",19/08/2019
2019-07,trai_sub_2019-07.pdf,https://www.trai.gov.in/sites/default/files/2024-09/PR_No.74of2019_0.pdf,"Telecom Subscription Data as on 31st July, 2019",18/09/2019
2019-08,trai_sub_2019-08.pdf,https://www.trai.gov.in/sites/default/files/2024-09/PR_No.101of2019_0.pdf,"Telecom Subscription Data as on 31st August, 2019",18/10/2019
2019-09,trai_sub_2019-09.pdf,https://www.trai.gov.in/sites/default/files/2024-09/PR_No.118of2019_0.pdf,"Telecom Subscription Data as on 30th September, 2019",19/11/2019
2019-10,trai_sub_2019-10.pdf,https://www.trai.gov.in/sites/default/files/2024-09/60.pdf,"Telecom Subscription Data as on 31st October, 2019",30/12/2019
2019-11,trai_sub_2019-11.pdf,https://www.trai.gov.in/sites/default/files/2024-09/59.pdf,"Telecom Subscription Data as on 30th November, 2019",16/01/2020
2019-12,trai_sub_2019-12.pdf,https://www.trai.gov.in/sites/default/files/2024-09/58.pdf,"Telecom Subscription Data as on 30th December, 2019",25/02/2020
2020-01,trai_sub_2020-01.pdf,https://www.trai.gov.in/sites/default/files/2024-09/57.pdf,"Telecom Subscription Data as on 31st January, 2020",08/05/2020
2020-02,trai_sub_2020-02.pdf,https://www.trai.gov.in/sites/default/files/2024-09/56.pdf,"Telecom Subscription Data as on 29th February, 2020",29/06/2020
2020-03,trai_sub_2020-03.pdf,https://www.trai.gov.in/sites/default/files/2024-09/55.pdf,"Telecom Subscription Data as on 31st March, 2020",14/07/2020
2020-04,trai_sub_2020-04.pdf,https://www.trai.gov.in/sites/default/files/2024-09/54.pdf,"Telecom Subscription Data as on 30th April, 2020",24/07/2020
2020-05,trai_sub_2020-05.pdf,https://www.trai.gov.in/sites/default/files/2024-09/53.pdf,"Telecom Subscription Data as on 31st May, 2020",26/08/2020
2020-06,trai_sub_2020-06.pdf,https://www.trai.gov.in/sites/default/files/2024-09/52.pdf,"Telecom Subscription Data as on 30th June, 2020",24/09/2020
2020-07,trai_sub_2020-07.pdf,https://www.trai.gov.in/sites/default/files/2024-09/51.pdf,"Telecom Subscription Data as on 31st July, 2020",12/10/2020
2020-09,trai_sub_2020-09.pdf,https://www.trai.gov.in/sites/default/files/2024-09/49.pdf,"Telecom Subscription Data as on 30th September, 2020",03/12/2020
2020-10,trai_sub_2020-10.pdf,https://www.trai.gov.in/sites/default/files/2024-09/48.pdf,"Telecom Subscription Data as on 31st October, 2020",23/12/2020
2020-11,trai_sub_2020-11.pdf,https://www.trai.gov.in/sites/default/files/2024-09/47.pdf,"Telecom Subscription Data as on 30th November, 2020",28/01/2021
2020-12,trai_sub_2020-12.pdf,https://www.trai.gov.in/sites/default/files/2024-09/46.pdf,"Telecom Subscription Data as on 31st December, 2020",18/02/2021
2021-01,trai_sub_2021-01.pdf,https://www.trai.gov.in/sites/default/files/2024-09/45.pdf,"Telecom Subscription Data as on 31st January, 2021",17/03/2021
2021-02,trai_sub_2021-02.pdf,https://www.trai.gov.in/sites/default/files/2024-09/43.pdf,"Telecom Subscription Data as on 28th February, 2021",11/05/2021
2021-03,trai_sub_2021-03.pdf,https://www.trai.gov.in/sites/default/files/2024-09/42.pdf,"Telecom Subscription Data as on 31st March, 2021",18/06/2021
2021-04,trai_sub_2021-04.pdf,https://www.trai.gov.in/sites/default/files/2024-09/41.pdf,"Telecom Subscription Data as on 30th April, 2021",12/07/2021
2021-05,trai_sub_2021-05.pdf,https://www.trai.gov.in/sites/default/files/2024-09/40.pdf,"Telecom Subscription Data as on 31st May, 2021",29/07/2021
2021-06,trai_sub_2021-06.pdf,https://www.trai.gov.in/sites/default/files/2024-09/39.pdf,"Telecom Subscription Data as on 30th June, 2021",23/08/2021
2021-07,trai_sub_2021-07.pdf,https://www.trai.gov.in/sites/default/files/2024-09/36.pdf,"Telecom Subscription Data as on 31st July, 2021",23/09/2021
2021-08,trai_sub_2021-08.pdf,https://www.trai.gov.in/sites/default/files/2024-09/35.pdf,"Telecom Subscription Data as on 31st August, 2021",20/10/2021
2021-09,trai_sub_2021-09.pdf,https://www.trai.gov.in/sites/default/files/2024-09/34.pdf,"Telecom Subscription Data as on 30 September, 2021",22/11/2021
2021-10,trai_sub_2021-10.pdf,https://www.trai.gov.in/sites/default/files/2024-09/33.pdf,"Telecom Subscription Data as on 31st October, 2021",20/12/2021
2021-11,trai_sub_2021-11.pdf,https://www.trai.gov.in/sites/default/files/2024-09/32.pdf,"Telecom Subscription Data as on 30th November, 2021",18/01/2022
2022-01,trai_sub_2022-01.pdf,https://www.trai.gov.in/sites/default/files/2024-09/30.pdf,"Telecom Subscription Data as on 31st January, 2022",30/03/2022
2022-02,trai_sub_2022-02.pdf,https://www.trai.gov.in/sites/default/files/2024-09/29.pdf,"Telecom Subscription Data as on 28th February, 2022",19/04/2022
2022-03,trai_sub_2022-03.pdf,https://www.trai.gov.in/sites/default/files/2024-09/28.pdf,"Telecom Subscription Data as on 31st March, 2022",12/05/2022
2022-04,trai_sub_2022-04.pdf,https://www.trai.gov.in/sites/default/files/2024-09/27th.pdf,"Telecom Subscription Data as on 30th April, 2022",16/06/2022
2022-05,trai_sub_2022-05.pdf,https://www.trai.gov.in/sites/default/files/2024-09/26.pdf,"Telecom Subscription Data as on 31st May, 2022",19/07/2022
2022-06,trai_sub_2022-06.pdf,https://www.trai.gov.in/sites/default/files/2024-09/25.pdf,"Telecom Subscription Data as on 30th June, 2022",17/08/2022
2022-07,trai_sub_2022-07.pdf,https://www.trai.gov.in/sites/default/files/2024-09/24.pdf,"Telecom Subscription Data as on 31st July, 2022",15/09/2022
2022-08,trai_sub_2022-08.pdf,https://www.trai.gov.in/sites/default/files/2024-09/23.pdf,"Telecom Subscription Data as on 31st August, 2022",18/10/2022
2022-09,trai_sub_2022-09.pdf,https://www.trai.gov.in/sites/default/files/2024-09/22th.pdf,"Telecom Subscription Data as on 30th September, 2022",22/11/2022
2022-10,trai_sub_2022-10.pdf,https://www.trai.gov.in/sites/default/files/2024-09/21th.pdf,"Telecom Subscription Data as on 31st October, 2022",19/12/2022
2022-11,trai_sub_2022-11.pdf,https://www.trai.gov.in/sites/default/files/2024-09/20th.pdf,"Telecom Subscription Data as on 30th November, 2022",27/01/2023
2022-12,trai_sub_2022-12.pdf,https://www.trai.gov.in/sites/default/files/2024-09/19th.pdf,"Telecom Subscription Data as on 31st December, 2022",16/02/2023
2023-01,trai_sub_2023-01.pdf,https://www.trai.gov.in/sites/default/files/2024-09/18.pdf,"Telecom Subscription Data as on 31st January, 2023",31/03/2023
2023-02,trai_sub_2023-02.pdf,https://www.trai.gov.in/sites/default/files/2024-09/17th.pdf,"Telecom Subscription Data as on 28th February, 2023",11/05/2023
2023-03,trai_sub_2023-03.pdf,https://www.trai.gov.in/sites/default/files/2024-09/16th.pdf,"Telecom Subscription Data as on 31st March, 2023",22/05/2023
2023-04,trai_sub_2023-04.pdf,https://www.trai.gov.in/sites/default/files/2024-09/15th.pdf,"Telecom Subscription Data as on 30th April, 2023",28/06/2023
2023-05,trai_sub_2023-05.pdf,https://www.trai.gov.in/sites/default/files/2024-09/14th.pdf,"Telecom Subscription Data as on 31st May, 2023",01/08/2023
2023-06,trai_sub_2023-06.pdf,https://www.trai.gov.in/sites/default/files/2024-09/13th.pdf,"Telecom Subscription Data as on 30th June, 2023",24/08/2023
2023-07,trai_sub_2023-07.pdf,https://www.trai.gov.in/sites/default/files/2024-09/12th.pdf,"Telecom Subscription Data as on 31st July, 2023",27/09/2023
2023-08,trai_sub_2023-08.pdf,https://www.trai.gov.in/sites/default/files/2024-09/11th.pdf,"Telecom Subscription Data as on 31st August, 2023",16/11/2023
2023-09,trai_sub_2023-09.pdf,https://www.trai.gov.in/sites/default/files/2024-09/10th.pdf,"Telecom Subscription Data as on 30th September, 2023",20/12/2023
2023-10,trai_sub_2023-10.pdf,https://www.trai.gov.in/sites/default/files/2024-09/9th.pdf,"Telecom Subscription Data as on 31st October, 2023",03/01/2024
2023-11,trai_sub_2023-11.pdf,https://www.trai.gov.in/sites/default/files/2024-09/8t.pdf,"Telecom Subscription Data as on 30th November, 2023",29/01/2024
2023-12,trai_sub_2023-12.pdf,https://www.trai.gov.in/sites/default/files/2024-11/PR_No.07of2024_0.pdf,"Telecom Subscription Data as on 31st December, 2023",22/02/2024
2024-01,trai_sub_2024-01.pdf,https://www.trai.gov.in/sites/default/files/2024-09/6th.pdf,"Telecom Subscription Data as on 31st January, 2024",01/04/2024
2024-02,trai_sub_2024-02.pdf,https://www.trai.gov.in/sites/default/files/2024-09/5th.pdf,"Telecom Subscription Data as on 29th February, 2024",08/04/2024
2024-03,trai_sub_2024-03.pdf,https://www.trai.gov.in/sites/default/files/2024-09/4th.pdf,"Telecom Subscription Data as on 31st March, 2024",03/05/2024
2024-04,trai_sub_2024-04.pdf,https://www.trai.gov.in/sites/default/files/2024-09/3rd.pdf,"Telecom Subscription Data as on 30th April, 2024",19/06/2024
2024-05,trai_sub_2024-05.pdf,https://www.trai.gov.in/sites/default/files/2024-09/PR_No.40of2024_0_0.pdf,"Telecom Subscription Data as on 31st May, 2024",16/07/2024
2024-06,trai_sub_2024-06.pdf,https://www.trai.gov.in/sites/default/files/2024-09/PR_No.54of2024_0_0.pdf,"Telecom Subscription Data as on 30th June, 2024",20/08/2024
2024-07,trai_sub_2024-07.pdf,https://www.trai.gov.in/sites/default/files/2025-01/PR_No.65of2024.pdf,"Telecom Subscription Data as on 31st July, 2024",20/09/2024
2024-08,trai_sub_2024-08.pdf,https://www.trai.gov.in/sites/default/files/2025-01/PR_No.78of2024_0.pdf,"Telecom Subscription Data as on 31st August, 2024",15/10/2024
2024-09,trai_sub_2024-09.pdf,https://www.trai.gov.in/sites/default/files/2024-11/PR_No.89of2024.pdf,"Telecom Subscription Data as on 30th, September, 2024",21/11/2024
2024-10,trai_sub_2024-10.pdf,https://www.trai.gov.in/sites/default/files/2024-12/PR_No.94of2024_0.pdf,"Telecom Subscription Data as on 31st, October, 2024",23/12/2024
2024-11,trai_sub_2024-11.pdf,https://www.trai.gov.in/sites/default/files/2025-01/PR_No.06of2025_0.pdf,"Telecom Subscription Data as on 30th November, 2024",22/01/2025
2024-12,trai_sub_2024-12.pdf,https://www.trai.gov.in/sites/default/files/2025-03/PR_No.16of2025_0.pdf,"Telecom Subscription Data as on 31st December, 2024",11/03/2025
2025-01,trai_sub_2025-01.pdf,https://www.trai.gov.in/sites/default/files/2025-04/TSD-Jan_25_English_1.pdf,"Telecom Subscription Data as on 31st January, 2025",22/04/2025
2025-02,trai_sub_2025-02.pdf,https://www.trai.gov.in/sites/default/files/2025-04/TSD-Feb_25_English_0.pdf,"Telecom Subscription Data as on 28th February, 2025",24/04/2025
2025-03,trai_sub_2025-03.pdf,https://www.trai.gov.in/sites/default/files/2025-05/PR_No.35of2025_0.pdf,"Telecom Subscription Data as on 31st March, 2025",07/05/2025
